#,id,mag_r,u-g,g-r,r-i,i-z,z_spec,feat1,feat2,feat3,feat4,feat5
1237645879562928805,21.257841,2.922394,0.975140,1.367987,0.462747,0.752707,1.388758,0.957874,-0.663568,2.091986,0.423379
1237648702966596263,21.115181,-0.964155,2.609358,1.129408,0.205690,0.626658,1.304155,-2.485524,2.462158,1.360440,-0.628182
1237664871902544060,19.984026,3.251547,1.091465,0.689684,0.377686,0.184502,0.633333,1.249496,-0.441076,0.012129,0.075414
